{"HR1_AI_001":[{"Time":"2017-05-24T00:00:00.06Z","Value":-116.84585571289063,"Quality":null,"Comments":null},{"Time":"2017-05-24T00:00:00.12Z","Value":-116.86566480000815,"Quality":null,"Comments":null},{"Time":"2017-05-24T00:00:00.18Z","Value":-116.87013626098634,"Quality":null,"Comments":null},{"Time":"2017-05-24T00:00:00.24Z","Value":-116.87356950342655,"Quality":null,"Comments":null},{"Time":"2017-05-24T00:00:00.3Z","Value":-116.87769985198975,"Quality":null,"Comments":null},{"Time":"2017-05-24T00:00:00.36Z","Value":-116.89085268974304,"Quality":null,"Comments":null},{"Time":"2017-05-24T00:00:00.42Z","Value":-116.93105113506317,"Quality":null,"Comments":null},{"Time":"2017-05-24T00:00:00.48Z","Value":-116.97124981880188,"Quality":null,"Comments":null},{"Time":"2017-05-24T00:00:00.54Z","Value":-117.01335775256156,"Quality":null,"Comments":null},{"Time":"2017-05-24T00:00:00.6Z","Value":-116.91185156504312,"Quality":null,"Comments":null},{"Time":"2017-05-24T00:00:00.66Z","Value":-116.85641872882843,"Quality":null,"Comments":null},{"Time":"2017-05-24T00:00:00.72Z","Value":-116.82051157951355,"Quality":null,"Comments":null},{"Time":"2017-05-24T00:00:00.78Z","Value":-116.78460466861725,"Quality":null,"Comments":null},{"Time":"2017-05-24T00:00:00.84Z","Value":-116.7469922363758,"Quality":null,"Comments":null},{"Time":"2017-05-24T00:00:00.9Z","Value":-116.66522860527039,"Quality":null,"Comments":null},{"Time":"2017-05-24T00:00:00.96Z","Value":-116.57925581932068,"Quality":null,"Comments":null}],"HR1_AI_002":[{"Time":"2017-05-24T00:00:00.06Z","Value":52.000000000000007,"Quality":null,"Comments":null},{"Time":"2017-05-24T00:00:00.12Z","Value":52.000000000000007,"Quality":null,"Comments":null},{"Time":"2017-05-24T00:00:00.18Z","Value":42.38006591796875,"Quality":null,"Comments":null},{"Time":"2017-05-24T00:00:00.24Z","Value":26.780029296875,"Quality":null,"Comments":null},{"Time":"2017-05-24T00:00:00.3Z","Value":8.0123280843098961,"Quality":null,"Comments":null},{"Time":"2017-05-24T00:00:00.36Z","Value":0.0,"Quality":null,"Comments":null},{"Time":"2017-05-24T00:00:00.42Z","Value":0.0,"Quality":null,"Comments":null},{"Time":"2017-05-24T00:00:00.48Z","Value":0.0,"Quality":null,"Comments":null},{"Time":"2017-05-24T00:00:00.54Z","Value":0.0,"Quality":null,"Comments":null},{"Time":"2017-05-24T00:00:00.6Z","Value":40.818170166015626,"Quality":null,"Comments":null},{"Time":"2017-05-24T00:00:00.66Z","Value":59.0,"Quality":null,"Comments":null},{"Time":"2017-05-24T00:00:00.72Z","Value":59.0,"Quality":null,"Comments":null},{"Time":"2017-05-24T00:00:00.78Z","Value":59.0,"Quality":null,"Comments":null},{"Time":"2017-05-24T00:00:00.84Z","Value":59.0,"Quality":null,"Comments":null},{"Time":"2017-05-24T00:00:00.9Z","Value":59.0,"Quality":null,"Comments":null},{"Time":"2017-05-24T00:00:00.96Z","Value":59.0,"Quality":null,"Comments":null}]}